Project Name,Package Name,Type Name,MethodName,LOC,CC,PC
carballo,com.alonsoruibal.chess.bitboard,AttacksInfo,AttacksInfo,3,1,0
carballo,com.alonsoruibal.chess.bitboard,AttacksInfo,checkPinnerRay,11,3,3
carballo,com.alonsoruibal.chess.bitboard,AttacksInfo,checkPinnerBishop,14,3,5
carballo,com.alonsoruibal.chess.bitboard,AttacksInfo,checkPinnerRook,14,3,5
carballo,com.alonsoruibal.chess.bitboard,AttacksInfo,build,108,16,1
carballo,com.alonsoruibal.chess.bitboard,BitboardAttacks,getInstance,11,3,0
carballo,com.alonsoruibal.chess.bitboard,BitboardAttacks,squareAttackedAux,12,3,3
carballo,com.alonsoruibal.chess.bitboard,BitboardAttacks,squareAttackedAuxSlider,13,3,3
carballo,com.alonsoruibal.chess.bitboard,BitboardAttacks,BitboardAttacks,23,2,0
carballo,com.alonsoruibal.chess.bitboard,BitboardAttacks,isSquareAttacked,3,1,3
carballo,com.alonsoruibal.chess.bitboard,BitboardAttacks,areSquaresAttacked,11,3,3
carballo,com.alonsoruibal.chess.bitboard,BitboardAttacks,isIndexAttacked,20,6,3
carballo,com.alonsoruibal.chess.bitboard,BitboardAttacks,getIndexAttacks,7,2,2
carballo,com.alonsoruibal.chess.bitboard,BitboardAttacks,getXrayAttacks,6,2,3
carballo,com.alonsoruibal.chess.bitboard,BitboardAttacks,getRookAttacks,3,1,2
carballo,com.alonsoruibal.chess.bitboard,BitboardAttacks,getBishopAttacks,3,1,2
carballo,com.alonsoruibal.chess.bitboard,BitboardAttacks,getRookShiftAttacks,3,1,2
carballo,com.alonsoruibal.chess.bitboard,BitboardAttacks,getBishopShiftAttacks,3,1,2
carballo,com.alonsoruibal.chess.bitboard,BitboardAttacks,checkSquareAttackedAux,16,4,4
carballo,com.alonsoruibal.chess.bitboard,BitboardAttacksMagic,BitboardAttacksMagic,33,4,0
carballo,com.alonsoruibal.chess.bitboard,BitboardAttacksMagic,generatePieces,11,3,3
carballo,com.alonsoruibal.chess.bitboard,BitboardAttacksMagic,squareAttackedAuxSliderMask,15,4,3
carballo,com.alonsoruibal.chess.bitboard,BitboardAttacksMagic,magicTransform,3,1,3
carballo,com.alonsoruibal.chess.bitboard,BitboardAttacksMagic,getRookAttacks,4,1,2
carballo,com.alonsoruibal.chess.bitboard,BitboardAttacksMagic,getBishopAttacks,4,1,2
carballo,com.alonsoruibal.chess.bitboard,BitboardUtils,index2Square,3,1,1
carballo,com.alonsoruibal.chess.bitboard,BitboardUtils,changeEndianArray64,7,2,1
carballo,com.alonsoruibal.chess.bitboard,BitboardUtils,changeEndianArray64,7,2,1
carballo,com.alonsoruibal.chess.bitboard,BitboardUtils,toString,12,3,1
carballo,com.alonsoruibal.chess.bitboard,BitboardUtils,flipHorizontalIndex,3,1,1
carballo,com.alonsoruibal.chess.bitboard,BitboardUtils,square2Algebraic,3,1,1
carballo,com.alonsoruibal.chess.bitboard,BitboardUtils,index2Algebraic,3,1,1
carballo,com.alonsoruibal.chess.bitboard,BitboardUtils,algebraic2Index,8,3,1
carballo,com.alonsoruibal.chess.bitboard,BitboardUtils,algebraic2Square,10,3,1
carballo,com.alonsoruibal.chess.bitboard,BitboardUtils,getFile,8,3,1
carballo,com.alonsoruibal.chess.bitboard,BitboardUtils,getRankLsb,8,3,1
carballo,com.alonsoruibal.chess.bitboard,BitboardUtils,getRankMsb,8,3,1
carballo,com.alonsoruibal.chess.bitboard,BitboardUtils,getFileOfIndex,3,1,1
carballo,com.alonsoruibal.chess.bitboard,BitboardUtils,getRankOfIndex,3,1,1
carballo,com.alonsoruibal.chess.bitboard,BitboardUtils,getHorizontalLine,3,1,2
carballo,com.alonsoruibal.chess.bitboard,BitboardUtils,isWhiteSquare,3,1,1
carballo,com.alonsoruibal.chess.bitboard,BitboardUtils,isBlackSquare,3,1,1
carballo,com.alonsoruibal.chess.bitboard,BitboardUtils,getSameColorSquares,3,1,1
carballo,com.alonsoruibal.chess.bitboard,BitboardUtils,frontPawnSpan,6,1,2
carballo,com.alonsoruibal.chess.bitboard,BitboardUtils,frontFile,6,1,2
carballo,com.alonsoruibal.chess.bitboard,BitboardUtils,sameRankOrFile,3,1,2
carballo,com.alonsoruibal.chess.bitboard,MagicNumbersGenerator,randomFewbits,3,1,0
carballo,com.alonsoruibal.chess.bitboard,MagicNumbersGenerator,generatePieces,11,3,3
carballo,com.alonsoruibal.chess.bitboard,MagicNumbersGenerator,findMagics,37,10,3
carballo,com.alonsoruibal.chess.bitboard,MagicNumbersGenerator,main,14,3,1
carballo,com.alonsoruibal.chess,Board,Board,17,1,0
carballo,com.alonsoruibal.chess,Board,startPosition,3,1,0
carballo,com.alonsoruibal.chess,Board,startPosition,18,3,1
carballo,com.alonsoruibal.chess,Board,getKey,3,1,0
carballo,com.alonsoruibal.chess,Board,getExclusionKey,3,1,0
carballo,com.alonsoruibal.chess,Board,getKey2,3,1,0
carballo,com.alonsoruibal.chess,Board,getMoveNumber,3,1,0
carballo,com.alonsoruibal.chess,Board,getTurn,3,1,0
carballo,com.alonsoruibal.chess,Board,canCastleKingSide,14,3,2
carballo,com.alonsoruibal.chess,Board,canCastleQueenSide,14,3,2
carballo,com.alonsoruibal.chess,Board,getWhiteKingsideCastling,3,1,0
carballo,com.alonsoruibal.chess,Board,getWhiteQueensideCastling,3,1,0
carballo,com.alonsoruibal.chess,Board,getBlackKingsideCastling,3,1,0
carballo,com.alonsoruibal.chess,Board,getBlackQueensideCastling,3,1,0
carballo,com.alonsoruibal.chess,Board,getPassantSquare,3,1,0
carballo,com.alonsoruibal.chess,Board,getCheck,3,1,0
carballo,com.alonsoruibal.chess,Board,getAll,3,1,0
carballo,com.alonsoruibal.chess,Board,getMines,3,1,0
carballo,com.alonsoruibal.chess,Board,getOthers,3,1,0
carballo,com.alonsoruibal.chess,Board,getPieceIntAt,3,1,1
carballo,com.alonsoruibal.chess,Board,getPieceAt,4,1,1
carballo,com.alonsoruibal.chess,Board,getPieceUnicodeAt,11,3,1
carballo,com.alonsoruibal.chess,Board,setPieceAt,43,9,2
carballo,com.alonsoruibal.chess,Board,getFen,47,11,0
carballo,com.alonsoruibal.chess,Board,setFen,3,1,1
carballo,com.alonsoruibal.chess,Board,setFenMove,177,35,2
carballo,com.alonsoruibal.chess,Board,toString,22,4,0
carballo,com.alonsoruibal.chess,Board,resetHistory,17,2,0
carballo,com.alonsoruibal.chess,Board,saveHistory,18,2,2
carballo,com.alonsoruibal.chess,Board,doMove,3,1,1
carballo,com.alonsoruibal.chess,Board,doMove,174,34,3
carballo,com.alonsoruibal.chess,Board,isValid,3,1,0
carballo,com.alonsoruibal.chess,Board,setCheckFlags,8,2,0
carballo,com.alonsoruibal.chess,Board,undoMove,3,1,0
carballo,com.alonsoruibal.chess,Board,undoMove,18,2,1
carballo,com.alonsoruibal.chess,Board,isEndGame,16,4,0
carballo,com.alonsoruibal.chess,Board,isMate,4,1,0
carballo,com.alonsoruibal.chess,Board,isDraw,15,5,0
carballo,com.alonsoruibal.chess,Board,see,3,1,1
carballo,com.alonsoruibal.chess,Board,see,9,2,2
carballo,com.alonsoruibal.chess,Board,see,43,10,4
carballo,com.alonsoruibal.chess,Board,isUsingBook,3,1,0
carballo,com.alonsoruibal.chess,Board,setOutBookMove,3,1,1
carballo,com.alonsoruibal.chess,Board,isPassedPawn,12,3,1
carballo,com.alonsoruibal.chess,Board,generateLegalMoves,7,2,0
carballo,com.alonsoruibal.chess,Board,getLegalMoves,5,1,1
carballo,com.alonsoruibal.chess,Board,getLegalMove,9,3,1
carballo,com.alonsoruibal.chess,Board,getSanMove,3,1,1
carballo,com.alonsoruibal.chess,Board,getMoveTurn,3,1,1
carballo,com.alonsoruibal.chess,Board,getInitialFen,3,1,0
carballo,com.alonsoruibal.chess,Board,getMoves,10,3,0
carballo,com.alonsoruibal.chess,Board,getMovesSan,10,3,0
carballo,com.alonsoruibal.chess,Board,toSanNextMoves,21,5,1
carballo,com.alonsoruibal.chess,Board,getLastMove,6,2,0
carballo,com.alonsoruibal.chess,Board,getLastMoveSan,6,2,0
carballo,com.alonsoruibal.chess,Board,doMoves,10,3,1
carballo,com.alonsoruibal.chess,Config,getPonder,3,1,0
carballo,com.alonsoruibal.chess,Config,setPonder,3,1,1
carballo,com.alonsoruibal.chess,Config,getUseBook,3,1,0
carballo,com.alonsoruibal.chess,Config,setUseBook,3,1,1
carballo,com.alonsoruibal.chess,Config,getBook,3,1,0
carballo,com.alonsoruibal.chess,Config,setBook,3,1,1
carballo,com.alonsoruibal.chess,Config,getBookKnowledge,3,1,0
carballo,com.alonsoruibal.chess,Config,getEvaluator,3,1,0
carballo,com.alonsoruibal.chess,Config,setEvaluator,3,1,1
carballo,com.alonsoruibal.chess,Config,getTranspositionTableSize,3,1,0
carballo,com.alonsoruibal.chess,Config,setTranspositionTableSize,3,1,1
carballo,com.alonsoruibal.chess,Config,getContemptFactor,3,1,0
carballo,com.alonsoruibal.chess,Config,setContemptFactor,3,1,1
carballo,com.alonsoruibal.chess,Config,getRand,3,1,0
carballo,com.alonsoruibal.chess,Config,isUciChess960,3,1,0
carballo,com.alonsoruibal.chess,Config,setUciChess960,3,1,1
carballo,com.alonsoruibal.chess,Config,isLimitStrength,3,1,0
carballo,com.alonsoruibal.chess,Config,setLimitStrength,4,1,1
carballo,com.alonsoruibal.chess,Config,getElo,3,1,0
carballo,com.alonsoruibal.chess,Config,setElo,4,1,1
carballo,com.alonsoruibal.chess,Config,calculateErrorsFromElo,10,2,0
carballo,com.alonsoruibal.chess,Move,genMove,3,1,6
carballo,com.alonsoruibal.chess,Move,genMove,3,1,5
carballo,com.alonsoruibal.chess,Move,getToIndex,3,1,1
carballo,com.alonsoruibal.chess,Move,getToSquare,3,1,1
carballo,com.alonsoruibal.chess,Move,getFromIndex,3,1,1
carballo,com.alonsoruibal.chess,Move,getFromSquare,3,1,1
carballo,com.alonsoruibal.chess,Move,getPieceMoved,3,1,1
carballo,com.alonsoruibal.chess,Move,getPieceCaptured,22,7,2
carballo,com.alonsoruibal.chess,Move,isCapture,3,1,1
carballo,com.alonsoruibal.chess,Move,isCheck,3,1,1
carballo,com.alonsoruibal.chess,Move,isCaptureOrCheck,3,1,1
carballo,com.alonsoruibal.chess,Move,getMoveType,3,1,1
carballo,com.alonsoruibal.chess,Move,isPawnPush,3,1,1
carballo,com.alonsoruibal.chess,Move,isPawnPush678,3,1,1
carballo,com.alonsoruibal.chess,Move,isPawnPush5678,3,1,1
carballo,com.alonsoruibal.chess,Move,isPromotion,3,1,1
carballo,com.alonsoruibal.chess,Move,getPiecePromoted,15,6,1
carballo,com.alonsoruibal.chess,Move,isTactical,3,1,1
carballo,com.alonsoruibal.chess,Move,isCastling,3,1,1
carballo,com.alonsoruibal.chess,Move,getFromString,152,40,3
carballo,com.alonsoruibal.chess,Move,toString,15,4,1
carballo,com.alonsoruibal.chess,Move,toStringExt,28,8,1
carballo,com.alonsoruibal.chess,Move,toSan,68,19,2
carballo,com.alonsoruibal.chess,Move,printMoves,7,2,3
carballo,com.alonsoruibal.chess,Move,sanToFigurines,3,1,1
carballo,com.alonsoruibal.chess,Pgn,getPgn,3,1,3
carballo,com.alonsoruibal.chess,Pgn,getPgn,70,16,6
carballo,com.alonsoruibal.chess,Pgn,parsePgn,122,28,1
carballo,com.alonsoruibal.chess,Pgn,setBoard,18,5,2
carballo,com.alonsoruibal.chess,Pgn,getPgnCurrentGame,3,1,0
carballo,com.alonsoruibal.chess,Pgn,getEvent,3,1,0
carballo,com.alonsoruibal.chess,Pgn,getRound,3,1,0
carballo,com.alonsoruibal.chess,Pgn,getSite,3,1,0
carballo,com.alonsoruibal.chess,Pgn,getDate,3,1,0
carballo,com.alonsoruibal.chess,Pgn,getWhite,3,1,0
carballo,com.alonsoruibal.chess,Pgn,getBlack,3,1,0
carballo,com.alonsoruibal.chess,Pgn,getWhiteElo,3,1,0
carballo,com.alonsoruibal.chess,Pgn,getBlackElo,3,1,0
carballo,com.alonsoruibal.chess,Pgn,getWhiteFideId,3,1,0
carballo,com.alonsoruibal.chess,Pgn,getBlackFideId,3,1,0
carballo,com.alonsoruibal.chess,Pgn,getResult,3,1,0
carballo,com.alonsoruibal.chess,Pgn,getEventType,3,1,0
carballo,com.alonsoruibal.chess,Pgn,getEventDate,3,1,0
carballo,com.alonsoruibal.chess,Pgn,getAnnotator,3,1,0
carballo,com.alonsoruibal.chess,Pgn,getFenStartPosition,3,1,0
carballo,com.alonsoruibal.chess,Pgn,getMoves,3,1,0
carballo,com.alonsoruibal.chess,Pgn,getGameNumber,31,6,2
carballo,com.alonsoruibal.chess,AttacksInfoTest,testPinnedBishop,9,1,0
carballo,com.alonsoruibal.chess,AttacksInfoTest,testPinnedRook,9,1,0
carballo,com.alonsoruibal.chess,AttacksInfoTest,testPinnedPawn,9,1,0
carballo,com.alonsoruibal.chess,BaseTest,getEval,8,1,1
carballo,com.alonsoruibal.chess,BaseTest,compareEval,8,1,3
carballo,com.alonsoruibal.chess,BaseTest,getSearchQS,11,1,1
carballo,com.alonsoruibal.chess,BaseTest,getSearchScore,10,1,2
carballo,com.alonsoruibal.chess,BaseTest,getSearchBestMoveSan,10,1,2
carballo,com.alonsoruibal.chess,BasicEloTest,setUp,5,1,0
carballo,com.alonsoruibal.chess,BasicEloTest,testElo,212,60,0
carballo,com.alonsoruibal.chess,BasicEloTest,processPosition,7,1,1
carballo,com.alonsoruibal.chess,BitBoardUtilsTest,testHorizontalLine,4,1,0
carballo,com.alonsoruibal.chess,BitBoardUtilsTest,testLsb,7,1,0
carballo,com.alonsoruibal.chess,BitBoardUtilsTest,testMsb,7,1,0
carballo,com.alonsoruibal.chess,BoardTest,testNoChess960StartPosition,5,1,0
carballo,com.alonsoruibal.chess,BoardTest,testChess960StartPosition,6,1,0
carballo,com.alonsoruibal.chess,BoardTest,testChess960Castling,9,1,0
carballo,com.alonsoruibal.chess,BoardTest,testChess960CastlingKingSameSquare,9,1,0
carballo,com.alonsoruibal.chess,BoardTest,testChess960CastlingRookSameSquare,9,1,0
carballo,com.alonsoruibal.chess,BoardTest,testXFen,9,1,0
carballo,com.alonsoruibal.chess,BoardTest,testMoveNumber1,5,1,0
carballo,com.alonsoruibal.chess,BoardTest,testMoveNumber2,5,1,0
carballo,com.alonsoruibal.chess,BoardTest,testMoveNumber3,7,1,0
carballo,com.alonsoruibal.chess,BoardTest,testUndo,9,1,0
carballo,com.alonsoruibal.chess,BoardTest,testCastling,6,1,0
carballo,com.alonsoruibal.chess,BoardTest,testPassedPawn,14,1,0
carballo,com.alonsoruibal.chess,BoardTest,testAdjacentColumnBug,6,1,0
carballo,com.alonsoruibal.chess,BoardTest,testCheckDetection,6,1,0
carballo,com.alonsoruibal.chess,BookTest,testBook,15,2,0
carballo,com.alonsoruibal.chess,ContemptFactorTest,testContemp1,3,1,0
carballo,com.alonsoruibal.chess,DrawDetectionTest,test3FoldDraw,9,1,0
carballo,com.alonsoruibal.chess,DrawDetectionTest,test3FoldDrawNo,10,1,0
carballo,com.alonsoruibal.chess,DrawDetectionTest,testDrawDetection,15,1,0
carballo,com.alonsoruibal.chess,DrawDetectionTest,testKBbkDraw,7,1,0
carballo,com.alonsoruibal.chess,EndgameTest,testKXK,3,1,0
carballo,com.alonsoruibal.chess,EndgameTest,testKNBK,8,1,0
carballo,com.alonsoruibal.chess,EndgameTest,testPawnAfterPromotionIsBetter,7,1,0
carballo,com.alonsoruibal.chess,EndgameTest,testKPK,21,1,0
carballo,com.alonsoruibal.chess,EndgameTest,testKRPKRDraw,4,1,0
carballo,com.alonsoruibal.chess,EndgameTest,testKPk,3,1,0
carballo,com.alonsoruibal.chess,EndgameTest,testKPkp,3,1,0
carballo,com.alonsoruibal.chess,EndgameTest,testKRKR,8,1,0
carballo,com.alonsoruibal.chess,EndgameTest,testKRk,3,1,0
carballo,com.alonsoruibal.chess,EndgameTest,testKQk,3,1,0
carballo,com.alonsoruibal.chess,EndgameTest,testKRPKP,4,1,0
carballo,com.alonsoruibal.chess,EndgameTest,testKQKP,3,1,0
carballo,com.alonsoruibal.chess,EvaluatorOpeningEndgameTest,conversionA,5,1,0
carballo,com.alonsoruibal.chess,EvaluatorOpeningEndgameTest,conversionB,5,1,0
carballo,com.alonsoruibal.chess,EvaluatorOpeningEndgameTest,add,5,1,0
carballo,com.alonsoruibal.chess,EvaluatorOpeningEndgameTest,subFromNegative,5,1,0
carballo,com.alonsoruibal.chess,EvaluatorOpeningEndgameTest,subThreeNegatives,5,1,0
carballo,com.alonsoruibal.chess,EvaluatorOpeningEndgameTest,subSwitchToNegativeA,5,1,0
carballo,com.alonsoruibal.chess,EvaluatorOpeningEndgameTest,mutiplyPositive,5,1,0
carballo,com.alonsoruibal.chess,EvaluatorOpeningEndgameTest,openingValueMustBeZero,4,1,0
carballo,com.alonsoruibal.chess,EvaluatorOpeningEndgameTest,endgameValueMustBeZero,4,1,0
carballo,com.alonsoruibal.chess,EvaluatorTest,countSubstring,3,1,2
carballo,com.alonsoruibal.chess,EvaluatorTest,testEvaluatorSimmetry1,3,1,0
carballo,com.alonsoruibal.chess,EvaluatorTest,testEvaluatorSimmetry2,3,1,0
carballo,com.alonsoruibal.chess,EvaluatorTest,testPawnClassification,83,1,0
carballo,com.alonsoruibal.chess,EvaluatorTest,testPassedPawn1,3,1,0
carballo,com.alonsoruibal.chess,EvaluatorTest,testKnightTrapped,3,1,0
carballo,com.alonsoruibal.chess,EvaluatorTest,testKingSafety,3,1,0
carballo,com.alonsoruibal.chess,EvaluatorTest,testBishopBonus,3,1,0
carballo,com.alonsoruibal.chess,EvaluatorTest,testSBDCastling,3,1,0
carballo,com.alonsoruibal.chess,EvaluatorTest,testConnectedPassersVsCandidate,3,1,0
carballo,com.alonsoruibal.chess,KPKBitbaseTest,setUp,4,1,0
carballo,com.alonsoruibal.chess,KPKBitbaseTest,testPawnPromotion,10,1,0
carballo,com.alonsoruibal.chess,KPKBitbaseTest,testKingCapturesPawn,22,1,0
carballo,com.alonsoruibal.chess,KPKBitbaseTest,testPositions,26,1,0
carballo,com.alonsoruibal.chess,MateTest,setUp,3,1,0
carballo,com.alonsoruibal.chess,MateTest,testBasic1,3,1,0
carballo,com.alonsoruibal.chess,MateTest,testBasic2,3,1,0
carballo,com.alonsoruibal.chess,MateTest,testMate1,3,1,0
carballo,com.alonsoruibal.chess,MateTest,testMate2,3,1,0
carballo,com.alonsoruibal.chess,MateTest,testMate3,3,1,0
carballo,com.alonsoruibal.chess,MateTest,testMate4,3,1,0
carballo,com.alonsoruibal.chess,MateTest,testMate5,3,1,0
carballo,com.alonsoruibal.chess,MateTest,testMate6,3,1,0
carballo,com.alonsoruibal.chess,MateTest,testMate7,3,1,0
carballo,com.alonsoruibal.chess,MateTest,testMate8,3,1,0
carballo,com.alonsoruibal.chess,MateTest,testMate9,3,1,0
carballo,com.alonsoruibal.chess,MateTest,testMate10,3,1,0
carballo,com.alonsoruibal.chess,MateTest,testPosition,8,1,2
carballo,com.alonsoruibal.chess,MoveGenerationPerftTest,reset,9,1,0
carballo,com.alonsoruibal.chess,MoveGenerationPerftTest,print,5,2,1
carballo,com.alonsoruibal.chess,MoveGenerationPerftTest,testInitialPosition,14,1,0
carballo,com.alonsoruibal.chess,MoveGenerationPerftTest,testPosition2,14,1,0
carballo,com.alonsoruibal.chess,MoveGenerationPerftTest,testPosition3,14,1,0
carballo,com.alonsoruibal.chess,MoveGenerationPerftTest,testPosition4,14,1,0
carballo,com.alonsoruibal.chess,MoveGenerationPerftTest,testPosition5,10,1,0
carballo,com.alonsoruibal.chess,MoveGenerationPerftTest,recursive,34,10,2
carballo,com.alonsoruibal.chess,MoveGenerationPerftTest,testWeirdError,8,1,0
carballo,com.alonsoruibal.chess,MoveIteratorPerftTest,reset,9,1,0
carballo,com.alonsoruibal.chess,MoveIteratorPerftTest,print,5,2,1
carballo,com.alonsoruibal.chess,MoveIteratorPerftTest,testInitialPosition,14,1,0
carballo,com.alonsoruibal.chess,MoveIteratorPerftTest,testPosition2,14,1,0
carballo,com.alonsoruibal.chess,MoveIteratorPerftTest,testPosition3,14,1,0
carballo,com.alonsoruibal.chess,MoveIteratorPerftTest,testPosition4,14,1,0
carballo,com.alonsoruibal.chess,MoveIteratorPerftTest,testPosition5,10,1,0
carballo,com.alonsoruibal.chess,MoveIteratorPerftTest,recursive,66,17,2
carballo,com.alonsoruibal.chess,MoveIteratorTest,testPositionCountingMoves,32,5,7
carballo,com.alonsoruibal.chess,MoveIteratorTest,testCheckAfterPromotion,8,1,0
carballo,com.alonsoruibal.chess,MoveIteratorTest,testCheckAfterPromotionKingBehind,8,1,0
carballo,com.alonsoruibal.chess,MoveIteratorTest,castlingGivesCheck,16,3,0
carballo,com.alonsoruibal.chess,MoveIteratorTest,castlingGivesCheck2,16,3,0
carballo,com.alonsoruibal.chess,MoveIteratorTest,cannotCastleAttackedSquare1,16,3,0
carballo,com.alonsoruibal.chess,MoveIteratorTest,cannotCastleAttackedSquare2,16,3,0
carballo,com.alonsoruibal.chess,MoveIteratorTest,canCastleLongAlthoughThereIsAnAttackedSquareNear,16,3,0
carballo,com.alonsoruibal.chess,MoveIteratorTest,longCastlingGivesCheck2,16,3,0
carballo,com.alonsoruibal.chess,MoveIteratorTest,enPassantGivesCheck,16,3,0
carballo,com.alonsoruibal.chess,MoveIteratorTest,enPassantGivesCheck2PiecesXray,3,1,0
carballo,com.alonsoruibal.chess,MoveIteratorTest,cannotCaptureEnPassantCheck2PiecesXray,3,1,0
carballo,com.alonsoruibal.chess,MoveIteratorTest,promoteCapturing,3,1,0
carballo,com.alonsoruibal.chess,MoveIteratorTest,checkEvasions,3,1,0
carballo,com.alonsoruibal.chess,MoveIteratorTest,avoidCheckPromoting,3,1,0
carballo,com.alonsoruibal.chess,MoveIteratorTest,checkEvasionCapturingEnPassant,3,1,0
carballo,com.alonsoruibal.chess,MoveIteratorTest,checkEvasionInterposeCapturingEnPassant,3,1,0
carballo,com.alonsoruibal.chess,MoveIteratorTest,captureCheckingPieceWithKing,3,1,0
carballo,com.alonsoruibal.chess,MoveIteratorTest,captureCheckingPieceWithKingAndTwoPiecesGivingCheck,3,1,0
carballo,com.alonsoruibal.chess,MoveIteratorTest,evadeCheckMoveKingCapturing,3,1,0
carballo,com.alonsoruibal.chess,MoveIteratorTest,generatingDuplicatedTTMove,3,1,0
carballo,com.alonsoruibal.chess,MoveIteratorTest,testGeneratePromotionsInQuiescence,4,1,0
carballo,com.alonsoruibal.chess,MoveIteratorTest,testGenerateCapturesInQuiescence,3,1,0
carballo,com.alonsoruibal.chess,MoveIteratorTest,testGenerateOnlyGoodAnEqualCapturesInQuiescence,3,1,0
carballo,com.alonsoruibal.chess,MoveIteratorTest,testChess960Castling,3,1,0
carballo,com.alonsoruibal.chess,MoveIteratorTest,testChess960CastlingRookSameSquareGivesCheck,3,1,0
carballo,com.alonsoruibal.chess,MoveIteratorTest,testPawnPushDoesNotLeaveTheKingInCheck,3,1,0
carballo,com.alonsoruibal.chess,MoveIteratorTest,testDoNotGenerateLongCastling,36,3,0
carballo,com.alonsoruibal.chess,MoveIteratorTest,testTtLastMoveSee,11,1,0
carballo,com.alonsoruibal.chess,MoveTest,toSanTest,8,1,0
carballo,com.alonsoruibal.chess,MoveTest,testMoveNotInTurn,6,1,0
carballo,com.alonsoruibal.chess,MoveTest,testPromotionSan,6,1,0
carballo,com.alonsoruibal.chess,ParseMoveTest,testGetFromString1,5,1,0
carballo,com.alonsoruibal.chess,ParseMoveTest,testGetFromString2,5,1,0
carballo,com.alonsoruibal.chess,ParseMoveTest,testGetFromString3,5,1,0
carballo,com.alonsoruibal.chess,ParseMoveTest,testGetFromString4,5,1,0
carballo,com.alonsoruibal.chess,ParseMoveTest,testGetFromStringCastlingInInitialPosition,5,1,0
carballo,com.alonsoruibal.chess,ParseMoveTest,testGetFromStringDisambiguateOneMoveNotLegal,5,1,0
carballo,com.alonsoruibal.chess,ParseMoveTest,testBugSanGg6,7,1,0
carballo,com.alonsoruibal.chess,PerformanceTest,setUp,10,2,0
carballo,com.alonsoruibal.chess,PerformanceTest,testCompleteEvaluatorPerf,16,3,0
carballo,com.alonsoruibal.chess,PerformanceTest,testExperimentalEvaluatorPerf,16,3,0
carballo,com.alonsoruibal.chess,PerformanceTest,testSimplifiedEvaluatorPerf,16,3,0
carballo,com.alonsoruibal.chess,PerformanceTest,testPseudoLegalMoveGenPerf,14,3,0
carballo,com.alonsoruibal.chess,PerformanceTest,testMoveIteratorNewNewPerf,18,4,0
carballo,com.alonsoruibal.chess,PerformanceTest,testDoMovePerf,18,5,0
carballo,com.alonsoruibal.chess,PerformanceTest,testLegalMoveGenPerf,14,3,0
carballo,com.alonsoruibal.chess,PerformanceTest,testZobrishKeyPerf,13,3,0
carballo,com.alonsoruibal.chess,ProblemsPgnTest,processPgnFile,8,2,2
carballo,com.alonsoruibal.chess,ProblemsPgnTest,testProblems,10,1,0
carballo,com.alonsoruibal.chess,SearchEngineTest,testRefine,37,1,0
carballo,com.alonsoruibal.chess,SearchEngineTest,testSearchAlreadyMate,3,1,0
carballo,com.alonsoruibal.chess,SearchEngineTest,testBishopTrapped,4,1,0
carballo,com.alonsoruibal.chess,SearchEngineTest,testOpeningWithE4OrD4,4,1,0
carballo,com.alonsoruibal.chess,SearchEngineTest,testAnalysisMateCrash,3,1,0
carballo,com.alonsoruibal.chess,SearchEngineTest,testRetiEndgameStudy,3,1,0
carballo,com.alonsoruibal.chess,SearchEngineTest,testSameResultsAfterClear,14,1,0
carballo,com.alonsoruibal.chess,SearchEngineTest,info,2,1,1
carballo,com.alonsoruibal.chess,SearchEngineTest,bestMove,3,1,2
carballo,com.alonsoruibal.chess,SearchEngineTest,testDoNotSendBestBoveWithPonder,24,1,0
carballo,com.alonsoruibal.chess,DetectBestMoveSearchObserver,info,2,1,1
carballo,com.alonsoruibal.chess,DetectBestMoveSearchObserver,bestMove,3,1,2
carballo,com.alonsoruibal.chess,SeeTest,testSee,9,1,3
carballo,com.alonsoruibal.chess,SeeTest,test1,3,1,0
carballo,com.alonsoruibal.chess,SeeTest,test2,3,1,0
carballo,com.alonsoruibal.chess,SeeTest,test3,3,1,0
carballo,com.alonsoruibal.chess,SeeTest,test4,3,1,0
carballo,com.alonsoruibal.chess,SeeTest,testNoOtherPiecesAttack,3,1,0
carballo,com.alonsoruibal.chess,SeeTest,testSeeError,3,1,0
carballo,com.alonsoruibal.chess,SeeTest,testSeeEnpassant,3,1,0
carballo,com.alonsoruibal.chess,TournamentTest,testTournament,53,4,0
carballo,com.alonsoruibal.chess,TournamentTest,go,49,10,0
carballo,com.alonsoruibal.chess,TournamentTest,bestMove,13,2,2
carballo,com.alonsoruibal.chess,TournamentTest,info,2,1,1
carballo,com.alonsoruibal.chess,TranspositionTableTest,testTraspositionTable,17,1,0
carballo,com.alonsoruibal.chess,TranspositionTableTest,testDistanceToInitialPly,11,1,0
carballo,com.alonsoruibal.chess,ZobristKeyTest,testBoardZobristKey,21,3,0
carballo,com.alonsoruibal.chess,ZobristKeyTest,testZobristKey1,9,1,0
carballo,com.alonsoruibal.chess,ZobristKeyTest,testZobristKey2,7,1,0
carballo,com.alonsoruibal.chess,ZobristKeyTest,testZobristKey3,7,1,0
carballo,com.alonsoruibal.chess,ZobristKeyTest,testZobristKey4,7,1,0
carballo,com.alonsoruibal.chess,ZobristKeyTest,testZobristKey5,7,1,0
carballo,com.alonsoruibal.chess,ZobristKeyTest,testZobristKey6,7,1,0
carballo,com.alonsoruibal.chess,ZobristKeyTest,testZobristKey7,7,1,0
carballo,com.alonsoruibal.chess,ZobristKeyTest,testZobristKey8,7,1,0
carballo,com.alonsoruibal.chess,ZobristKeyTest,testZobristKey9,7,1,0
carballo,com.alonsoruibal.chess.book,Book,getMove,0,1,1
carballo,com.alonsoruibal.chess.book,ArrayBufferBook,ArrayBufferBook,3,1,1
carballo,com.alonsoruibal.chess.book,ArrayBufferBook,int2MoveString,9,2,1
carballo,com.alonsoruibal.chess.book,ArrayBufferBook,generateMoves,34,4,1
carballo,com.alonsoruibal.chess.book,ArrayBufferBook,readLong,3,1,1
carballo,com.alonsoruibal.chess.book,ArrayBufferBook,readShort,3,1,1
carballo,com.alonsoruibal.chess.book,ArrayBufferBook,getMove,11,3,1
carballo,com.alonsoruibal.chess.book,JSONBook,getMoves,3,1,0
carballo,com.alonsoruibal.chess.book,JSONBook,getWeights,3,1,0
carballo,com.alonsoruibal.chess.book,JSONBook,int2MoveString,9,2,1
carballo,com.alonsoruibal.chess.book,JSONBook,generateMoves,21,4,1
carballo,com.alonsoruibal.chess.book,JSONBook,getMove,9,3,1
carballo,com.alonsoruibal.chess.book,JSONBook,getData,0,1,1
carballo,com.alonsoruibal.chess.book,JSONBook,init,0,1,0
carballo,com.alonsoruibal.chess.book,FileBook,FileBook,4,1,1
carballo,com.alonsoruibal.chess.book,FileBook,int2MoveString,9,2,1
carballo,com.alonsoruibal.chess.book,FileBook,generateMoves,32,4,1
carballo,com.alonsoruibal.chess.book,FileBook,getMove,11,3,1
carballo,com.alonsoruibal.chess.evaluation,CompleteEvaluator,evaluate,278,47,2
carballo,com.alonsoruibal.chess.evaluation,CompleteEvaluator,evalAttacks,34,7,4
carballo,com.alonsoruibal.chess.evaluation,Endgame,evaluateEndgame,51,17,12
carballo,com.alonsoruibal.chess.evaluation,Endgame,endgameKXK,6,1,6
carballo,com.alonsoruibal.chess.evaluation,Endgame,endgameKBNK,10,2,2
carballo,com.alonsoruibal.chess.evaluation,Endgame,endgameKPK,6,2,2
carballo,com.alonsoruibal.chess.evaluation,Endgame,scaleKRPKR,30,5,2
carballo,com.alonsoruibal.chess.evaluation,Endgame,endgameKQKP,28,6,2
carballo,com.alonsoruibal.chess.evaluation,Endgame,endgameKBPKN,12,2,2
carballo,com.alonsoruibal.chess.evaluation,Endgame,endgameKBPKB,20,4,2
carballo,com.alonsoruibal.chess.evaluation,Endgame,scaleKRPPKRP,15,3,2
carballo,com.alonsoruibal.chess.evaluation,Evaluator,Evaluator,3,1,0
carballo,com.alonsoruibal.chess.evaluation,Evaluator,evaluate,0,1,2
carballo,com.alonsoruibal.chess.evaluation,Evaluator,oe,3,1,2
carballo,com.alonsoruibal.chess.evaluation,Evaluator,o,3,1,1
carballo,com.alonsoruibal.chess.evaluation,Evaluator,e,3,1,1
carballo,com.alonsoruibal.chess.evaluation,Evaluator,oeShr,3,1,2
carballo,com.alonsoruibal.chess.evaluation,Evaluator,formatOE,3,1,1
carballo,com.alonsoruibal.chess.evaluation,ExperimentalEvaluator,evaluate,315,57,2
carballo,com.alonsoruibal.chess.evaluation,ExperimentalEvaluator,evalAttacks,34,7,4
carballo,com.alonsoruibal.chess.evaluation,KPKBitbase,index,3,1,4
carballo,com.alonsoruibal.chess.evaluation,KPKBitbase,probe,4,1,4
carballo,com.alonsoruibal.chess.evaluation,KPKBitbase,probe,19,3,1
carballo,com.alonsoruibal.chess.evaluation,SimplifiedEvaluator,evaluate,56,10,2
carballo,com.alonsoruibal.chess.evaluation,KPKBitbaseGenerator,index,3,1,4
carballo,com.alonsoruibal.chess.evaluation,KPKBitbaseGenerator,KPKPosition,24,5,1
carballo,com.alonsoruibal.chess.evaluation,KPKBitbaseGenerator,getResult,3,1,0
carballo,com.alonsoruibal.chess.evaluation,KPKBitbaseGenerator,classify,3,1,1
carballo,com.alonsoruibal.chess.evaluation,KPKBitbaseGenerator,classify,22,5,2
carballo,com.alonsoruibal.chess.evaluation,KPKBitbaseGenerator,init,23,6,0
carballo,com.alonsoruibal.chess.evaluation,KPKBitbaseGenerator,main,10,3,1
carballo,com.alonsoruibal.chess.evaluation,KPKPosition,KPKPosition,24,5,1
carballo,com.alonsoruibal.chess.evaluation,KPKPosition,getResult,3,1,0
carballo,com.alonsoruibal.chess.evaluation,KPKPosition,classify,3,1,1
carballo,com.alonsoruibal.chess.evaluation,KPKPosition,classify,22,5,2
carballo,com.alonsoruibal.chess.hash,ZobristKey,getKeyPieceIndex,29,13,2
carballo,com.alonsoruibal.chess.hash,ZobristKey,getKey,23,8,1
carballo,com.alonsoruibal.chess.hash,ZobristKeyFen,getKey,79,19,1
carballo,com.alonsoruibal.chess.log,Logger,Logger,3,1,1
carballo,com.alonsoruibal.chess.log,Logger,getLogger,3,1,1
carballo,com.alonsoruibal.chess.log,Logger,info,7,2,1
carballo,com.alonsoruibal.chess.log,Logger,debug,7,2,1
carballo,com.alonsoruibal.chess.log,Logger,error,7,2,1
carballo,com.alonsoruibal.chess.movegen,LegalMoveGenerator,generateMoves,11,3,3
carballo,com.alonsoruibal.chess.movegen,MagicMoveGenerator,generateMoves,62,17,3
carballo,com.alonsoruibal.chess.movegen,MagicMoveGenerator,generateMovesFromAttacks,7,2,3
carballo,com.alonsoruibal.chess.movegen,MagicMoveGenerator,generatePawnCapturesFromAttacks,12,4,3
carballo,com.alonsoruibal.chess.movegen,MagicMoveGenerator,addMoves,11,2,5
carballo,com.alonsoruibal.chess.movegen,MoveGenerator,generateMoves,0,1,3
carballo,com.alonsoruibal.chess.pgn,Game,getId,3,1,0
carballo,com.alonsoruibal.chess.pgn,Game,setId,3,1,1
carballo,com.alonsoruibal.chess.pgn,Game,getEvent,3,1,0
carballo,com.alonsoruibal.chess.pgn,Game,setEvent,3,1,1
carballo,com.alonsoruibal.chess.pgn,Game,getSite,3,1,0
carballo,com.alonsoruibal.chess.pgn,Game,setSite,3,1,1
carballo,com.alonsoruibal.chess.pgn,Game,getRound,3,1,0
carballo,com.alonsoruibal.chess.pgn,Game,setRound,3,1,1
carballo,com.alonsoruibal.chess.pgn,Game,getWhite,3,1,0
carballo,com.alonsoruibal.chess.pgn,Game,setWhite,3,1,1
carballo,com.alonsoruibal.chess.pgn,Game,getBlack,3,1,0
carballo,com.alonsoruibal.chess.pgn,Game,setBlack,3,1,1
carballo,com.alonsoruibal.chess.pgn,Game,getWhiteElo,3,1,0
carballo,com.alonsoruibal.chess.pgn,Game,setWhiteElo,3,1,1
carballo,com.alonsoruibal.chess.pgn,Game,getBlackElo,3,1,0
carballo,com.alonsoruibal.chess.pgn,Game,setBlackElo,3,1,1
carballo,com.alonsoruibal.chess.pgn,Game,getResult,3,1,0
carballo,com.alonsoruibal.chess.pgn,Game,setResult,14,4,1
carballo,com.alonsoruibal.chess.pgn,Game,getEco,3,1,0
carballo,com.alonsoruibal.chess.pgn,Game,setEco,3,1,1
carballo,com.alonsoruibal.chess.pgn,Game,getDate,3,1,0
carballo,com.alonsoruibal.chess.pgn,Game,setDate,3,1,1
carballo,com.alonsoruibal.chess.pgn,Game,getEventDate,3,1,0
carballo,com.alonsoruibal.chess.pgn,Game,setEventDate,3,1,1
carballo,com.alonsoruibal.chess.pgn,Game,getWhiteFideId,3,1,0
carballo,com.alonsoruibal.chess.pgn,Game,setWhiteFideId,3,1,1
carballo,com.alonsoruibal.chess.pgn,Game,getBlackFideId,3,1,0
carballo,com.alonsoruibal.chess.pgn,Game,setBlackFideId,3,1,1
carballo,com.alonsoruibal.chess.pgn,Game,getFenStartPosition,3,1,0
carballo,com.alonsoruibal.chess.pgn,Game,setFenStartPosition,3,1,1
carballo,com.alonsoruibal.chess.pgn,Game,getPv,3,1,0
carballo,com.alonsoruibal.chess.pgn,Game,setPv,3,1,1
carballo,com.alonsoruibal.chess.pgn,GameNodeComment,GameNodeComment,3,1,1
carballo,com.alonsoruibal.chess.pgn,GameNodeComment,toString,3,1,0
carballo,com.alonsoruibal.chess.pgn,GameNodeMove,GameNodeMove,5,1,3
carballo,com.alonsoruibal.chess.pgn,GameNodeMove,toString,3,1,0
carballo,com.alonsoruibal.chess.pgn,GameNodeResult,GameNodeResult,3,1,1
carballo,com.alonsoruibal.chess.pgn,GameNodeResult,toString,3,1,0
carballo,com.alonsoruibal.chess.pgn,GameNodeVariation,add,3,1,1
carballo,com.alonsoruibal.chess.pgn,GameNodeVariation,get,3,1,1
carballo,com.alonsoruibal.chess.pgn,GameNodeVariation,size,3,1,0
carballo,com.alonsoruibal.chess.pgn,GameNodeVariation,toString,3,1,0
carballo,com.alonsoruibal.chess.pgn,NumericAnnotationGlyphs,translate,79,38,1
carballo,com.alonsoruibal.chess.pgn,PgnImportExport,setBoard,15,4,2
carballo,com.alonsoruibal.chess.pgn,PgnImportExport,getPgn,3,1,1
carballo,com.alonsoruibal.chess.pgn,PgnImportExport,generatePgn,30,3,1
carballo,com.alonsoruibal.chess.pgn,PgnImportExport,appendTag,3,1,3
carballo,com.alonsoruibal.chess.pgn,PgnImportExport,getCurrentDate,4,1,0
carballo,com.alonsoruibal.chess.pgn,PgnImportExport,determineResult,15,4,1
carballo,com.alonsoruibal.chess.pgn,PgnImportExport,formatMoves,12,3,2
carballo,com.alonsoruibal.chess.pgn,PgnImportExport,wrapLine,18,4,2
carballo,com.alonsoruibal.chess.pgn,PgnParams,PgnParams,5,1,3
carballo,com.alonsoruibal.chess.pgn,PgnParams,PgnParams,8,1,6
carballo,com.alonsoruibal.chess.pgn,PgnParams,getBoard,3,1,0
carballo,com.alonsoruibal.chess.pgn,PgnParams,getWhiteName,3,1,0
carballo,com.alonsoruibal.chess.pgn,PgnParams,getBlackName,3,1,0
carballo,com.alonsoruibal.chess.pgn,PgnParams,getEvent,3,1,0
carballo,com.alonsoruibal.chess.pgn,PgnParams,getSite,3,1,0
carballo,com.alonsoruibal.chess.pgn,PgnParams,getResult,3,1,0
carballo,com.alonsoruibal.chess.pgn,PgnParser,parsePgn,3,1,1
carballo,com.alonsoruibal.chess.pgn,PgnParser,parsePgn,167,41,2
carballo,com.alonsoruibal.chess.pgn,PgnParser,isAlphaNumeric,3,1,1
carballo,com.alonsoruibal.chess.pgn,PgnFile,getGameNumber,37,7,2
carballo,com.alonsoruibal.chess.search,MoveIterator,MoveIterator,7,1,3
carballo,com.alonsoruibal.chess.search,MoveIterator,destroy,5,1,0
carballo,com.alonsoruibal.chess.search,MoveIterator,getLastMoveSee,6,2,0
carballo,com.alonsoruibal.chess.search,MoveIterator,getLastMoveScore,3,1,0
carballo,com.alonsoruibal.chess.search,MoveIterator,getLastMoveIsKiller,3,1,0
carballo,com.alonsoruibal.chess.search,MoveIterator,genMoves,3,1,1
carballo,com.alonsoruibal.chess.search,MoveIterator,genMoves,8,1,2
carballo,com.alonsoruibal.chess.search,MoveIterator,initMoveGen,21,1,0
carballo,com.alonsoruibal.chess.search,MoveIterator,next,89,25,0
carballo,com.alonsoruibal.chess.search,MoveIterator,pickMoveFromArray,23,5,4
carballo,com.alonsoruibal.chess.search,MoveIterator,setBoard,3,1,1
carballo,com.alonsoruibal.chess.search,MoveIterator,generateCaptures,31,10,0
carballo,com.alonsoruibal.chess.search,MoveIterator,generateNonCaptures,41,13,0
carballo,com.alonsoruibal.chess.search,MoveIterator,generateCheckEvasionCaptures,43,14,0
carballo,com.alonsoruibal.chess.search,MoveIterator,generateCheckEvasionsNonCaptures,40,12,0
carballo,com.alonsoruibal.chess.search,MoveIterator,generateMovesFromAttacks,7,2,5
carballo,com.alonsoruibal.chess.search,MoveIterator,generatePawnCapturesOrGoodPromos,26,7,4
carballo,com.alonsoruibal.chess.search,MoveIterator,generatePawnNonCapturesAndBadPromos,17,4,3
carballo,com.alonsoruibal.chess.search,MoveIterator,addMove,154,34,6
carballo,com.alonsoruibal.chess.search,Node,Node,6,1,2
carballo,com.alonsoruibal.chess.search,Node,clear,6,1,0
carballo,com.alonsoruibal.chess.search,Node,destroy,5,1,0
carballo,com.alonsoruibal.chess.search,SearchEngine,SearchEngine,17,4,1
carballo,com.alonsoruibal.chess.search,SearchEngine,init,26,7,0
carballo,com.alonsoruibal.chess.search,SearchEngine,clear,7,2,0
carballo,com.alonsoruibal.chess.search,SearchEngine,clearHistory,5,2,0
carballo,com.alonsoruibal.chess.search,SearchEngine,destroy,14,3,0
carballo,com.alonsoruibal.chess.search,SearchEngine,setObserver,3,1,1
carballo,com.alonsoruibal.chess.search,SearchEngine,getBoard,3,1,0
carballo,com.alonsoruibal.chess.search,SearchEngine,getBestMove,3,1,0
carballo,com.alonsoruibal.chess.search,SearchEngine,getBestMoveScore,3,1,0
carballo,com.alonsoruibal.chess.search,SearchEngine,getNodeCount,3,1,0
carballo,com.alonsoruibal.chess.search,SearchEngine,getConfig,3,1,0
carballo,com.alonsoruibal.chess.search,SearchEngine,setConfig,3,1,1
carballo,com.alonsoruibal.chess.search,SearchEngine,boardAllowsNullMove,3,1,0
carballo,com.alonsoruibal.chess.search,SearchEngine,canUseTT,28,10,3
carballo,com.alonsoruibal.chess.search,SearchEngine,evaluate,14,4,2
carballo,com.alonsoruibal.chess.search,SearchEngine,refineEval,3,1,2
carballo,com.alonsoruibal.chess.search,SearchEngine,quiescentSearch,82,17,3
carballo,com.alonsoruibal.chess.search,SearchEngine,search,243,62,6
carballo,com.alonsoruibal.chess.search,SearchEngine,notifyMoveFound,18,2,4
carballo,com.alonsoruibal.chess.search,SearchEngine,go,10,2,1
carballo,com.alonsoruibal.chess.search,SearchEngine,prepareRun,31,4,0
carballo,com.alonsoruibal.chess.search,SearchEngine,runStepped,42,9,0
carballo,com.alonsoruibal.chess.search,SearchEngine,run,26,5,0
carballo,com.alonsoruibal.chess.search,SearchEngine,sleep,2,1,1
carballo,com.alonsoruibal.chess.search,SearchEngine,setInitialSearchParameters,7,1,1
carballo,com.alonsoruibal.chess.search,SearchEngine,updateSearchParameters,6,1,1
carballo,com.alonsoruibal.chess.search,SearchEngine,getPv,31,6,1
carballo,com.alonsoruibal.chess.search,SearchEngine,stop,6,1,0
carballo,com.alonsoruibal.chess.search,SearchEngine,evaluateDraw,5,1,1
carballo,com.alonsoruibal.chess.search,SearchEngine,valueMatedIn,3,1,1
carballo,com.alonsoruibal.chess.search,SearchEngine,valueMateIn,3,1,1
carballo,com.alonsoruibal.chess.search,SearchEngine,getTT,3,1,0
carballo,com.alonsoruibal.chess.search,SearchEngine,isSearching,3,1,0
carballo,com.alonsoruibal.chess.search,SearchEngine,historyGood,13,3,3
carballo,com.alonsoruibal.chess.search,SearchEngine,historyBad,9,2,2
carballo,com.alonsoruibal.chess.search,SearchEngine,printNodeTree,7,2,1
carballo,com.alonsoruibal.chess.search,SearchObserver,info,0,1,1
carballo,com.alonsoruibal.chess.search,SearchObserver,bestMove,0,1,2
carballo,com.alonsoruibal.chess.search,SearchParameters,clearSearchMoves,6,2,0
carballo,com.alonsoruibal.chess.search,SearchParameters,addSearchMove,6,2,1
carballo,com.alonsoruibal.chess.search,SearchParameters,isPonder,3,1,0
carballo,com.alonsoruibal.chess.search,SearchParameters,setPonder,3,1,1
carballo,com.alonsoruibal.chess.search,SearchParameters,getWtime,3,1,0
carballo,com.alonsoruibal.chess.search,SearchParameters,setWtime,3,1,1
carballo,com.alonsoruibal.chess.search,SearchParameters,getBtime,3,1,0
carballo,com.alonsoruibal.chess.search,SearchParameters,setBtime,3,1,1
carballo,com.alonsoruibal.chess.search,SearchParameters,getWinc,3,1,0
carballo,com.alonsoruibal.chess.search,SearchParameters,setWinc,3,1,1
carballo,com.alonsoruibal.chess.search,SearchParameters,getBinc,3,1,0
carballo,com.alonsoruibal.chess.search,SearchParameters,setBinc,3,1,1
carballo,com.alonsoruibal.chess.search,SearchParameters,getMovesToGo,3,1,0
carballo,com.alonsoruibal.chess.search,SearchParameters,setMovesToGo,3,1,1
carballo,com.alonsoruibal.chess.search,SearchParameters,getDepth,3,1,0
carballo,com.alonsoruibal.chess.search,SearchParameters,setDepth,3,1,1
carballo,com.alonsoruibal.chess.search,SearchParameters,getNodes,3,1,0
carballo,com.alonsoruibal.chess.search,SearchParameters,setNodes,3,1,1
carballo,com.alonsoruibal.chess.search,SearchParameters,getMate,3,1,0
carballo,com.alonsoruibal.chess.search,SearchParameters,setMate,3,1,1
carballo,com.alonsoruibal.chess.search,SearchParameters,getMoveTime,3,1,0
carballo,com.alonsoruibal.chess.search,SearchParameters,setMoveTime,3,1,1
carballo,com.alonsoruibal.chess.search,SearchParameters,isInfinite,3,1,0
carballo,com.alonsoruibal.chess.search,SearchParameters,setInfinite,3,1,1
carballo,com.alonsoruibal.chess.search,SearchParameters,manageTime,3,1,0
carballo,com.alonsoruibal.chess.search,SearchParameters,calculateMoveTime,23,5,3
carballo,com.alonsoruibal.chess.search,SearchParameters,get,5,1,1
carballo,com.alonsoruibal.chess.search,SearchStats,print,28,7,1
carballo,com.alonsoruibal.chess.search,SearchStatusInfo,getDepth,3,1,0
carballo,com.alonsoruibal.chess.search,SearchStatusInfo,setDepth,3,1,1
carballo,com.alonsoruibal.chess.search,SearchStatusInfo,getSelDepth,3,1,0
carballo,com.alonsoruibal.chess.search,SearchStatusInfo,setSelDepth,3,1,1
carballo,com.alonsoruibal.chess.search,SearchStatusInfo,getTime,3,1,0
carballo,com.alonsoruibal.chess.search,SearchStatusInfo,setTime,3,1,1
carballo,com.alonsoruibal.chess.search,SearchStatusInfo,getNodes,3,1,0
carballo,com.alonsoruibal.chess.search,SearchStatusInfo,setNodes,3,1,1
carballo,com.alonsoruibal.chess.search,SearchStatusInfo,getPv,3,1,0
carballo,com.alonsoruibal.chess.search,SearchStatusInfo,setPv,3,1,1
carballo,com.alonsoruibal.chess.search,SearchStatusInfo,getMultiPv,3,1,0
carballo,com.alonsoruibal.chess.search,SearchStatusInfo,setMultiPv,3,1,1
carballo,com.alonsoruibal.chess.search,SearchStatusInfo,getScore,3,1,0
carballo,com.alonsoruibal.chess.search,SearchStatusInfo,setScore,3,1,1
carballo,com.alonsoruibal.chess.search,SearchStatusInfo,getCurrMove,3,1,0
carballo,com.alonsoruibal.chess.search,SearchStatusInfo,setCurrMove,3,1,1
carballo,com.alonsoruibal.chess.search,SearchStatusInfo,getCurrMoveNumber,3,1,0
carballo,com.alonsoruibal.chess.search,SearchStatusInfo,setCurrMoveNumber,3,1,1
carballo,com.alonsoruibal.chess.search,SearchStatusInfo,getHashFull,3,1,0
carballo,com.alonsoruibal.chess.search,SearchStatusInfo,setHashFull,3,1,1
carballo,com.alonsoruibal.chess.search,SearchStatusInfo,getNps,3,1,0
carballo,com.alonsoruibal.chess.search,SearchStatusInfo,setNps,3,1,1
carballo,com.alonsoruibal.chess.search,SearchStatusInfo,getTbHits,3,1,0
carballo,com.alonsoruibal.chess.search,SearchStatusInfo,setTbHits,3,1,1
carballo,com.alonsoruibal.chess.search,SearchStatusInfo,getCpuLoad,3,1,0
carballo,com.alonsoruibal.chess.search,SearchStatusInfo,setCpuLoad,3,1,1
carballo,com.alonsoruibal.chess.search,SearchStatusInfo,getString,3,1,0
carballo,com.alonsoruibal.chess.search,SearchStatusInfo,setString,3,1,1
carballo,com.alonsoruibal.chess.search,SearchStatusInfo,getRefutation,3,1,0
carballo,com.alonsoruibal.chess.search,SearchStatusInfo,setRefutation,3,1,1
carballo,com.alonsoruibal.chess.search,SearchStatusInfo,getCurrLine,3,1,0
carballo,com.alonsoruibal.chess.search,SearchStatusInfo,setCurrLine,3,1,1
carballo,com.alonsoruibal.chess.search,SearchStatusInfo,setScore,5,1,3
carballo,com.alonsoruibal.chess.search,SearchStatusInfo,isMate,3,1,0
carballo,com.alonsoruibal.chess.search,SearchStatusInfo,getMateIn,9,2,0
carballo,com.alonsoruibal.chess.search,SearchStatusInfo,toString,46,11,0
carballo,com.alonsoruibal.chess.search,SearchEngineThreaded,SearchEngineThreaded,3,1,1
carballo,com.alonsoruibal.chess.search,SearchEngineThreaded,go,11,2,1
carballo,com.alonsoruibal.chess.search,SearchEngineThreaded,stop,8,2,0
carballo,com.alonsoruibal.chess.search,SearchEngineThreaded,sleep,7,1,1
carballo,com.alonsoruibal.chess.tt,TranspositionTable,TranspositionTable,10,1,1
carballo,com.alonsoruibal.chess.tt,TranspositionTable,clear,4,1,0
carballo,com.alonsoruibal.chess.tt,TranspositionTable,search,20,5,3
carballo,com.alonsoruibal.chess.tt,TranspositionTable,getBestMove,3,1,0
carballo,com.alonsoruibal.chess.tt,TranspositionTable,getNodeType,3,1,0
carballo,com.alonsoruibal.chess.tt,TranspositionTable,getGeneration,3,1,0
carballo,com.alonsoruibal.chess.tt,TranspositionTable,getDepthAnalyzed,4,1,0
carballo,com.alonsoruibal.chess.tt,TranspositionTable,getScore,3,1,0
carballo,com.alonsoruibal.chess.tt,TranspositionTable,getEval,3,1,0
carballo,com.alonsoruibal.chess.tt,TranspositionTable,newGeneration,3,1,0
carballo,com.alonsoruibal.chess.tt,TranspositionTable,isMyGeneration,3,1,0
carballo,com.alonsoruibal.chess.tt,TranspositionTable,set,38,8,8
carballo,com.alonsoruibal.chess.tt,TranspositionTable,getGenerationDelta,4,1,0
carballo,com.alonsoruibal.chess.tt,TranspositionTable,getHashFull,3,1,0
carballo,com.alonsoruibal.chess.util,StringUtils,padRight,3,1,2
carballo,com.alonsoruibal.chess.util,StringUtils,padLeft,3,1,2
carballo,org.vectomatic.svg.chess,ChessBoard,ChessBoard,23,3,1
carballo,org.vectomatic.svg.chess,ChessBoard,addPiece,18,2,2
carballo,org.vectomatic.svg.chess,ChessBoard,removePiece,6,2,1
carballo,org.vectomatic.svg.chess,ChessBoard,getPiece,13,4,1
carballo,org.vectomatic.svg.chess,ChessBoard,update,7,1,5
carballo,org.vectomatic.svg.chess,ChessBoard,updateSquare,27,7,3
carballo,org.vectomatic.svg.chess,ChessBoard,update,7,2,0
carballo,org.vectomatic.svg.chess,ChessBoard,onMouseDown,5,1,1
carballo,org.vectomatic.svg.chess,ChessBoard,onMouseDown_,15,2,1
carballo,org.vectomatic.svg.chess,ChessBoard,onMouseUp,14,3,1
carballo,org.vectomatic.svg.chess,ChessBoard,onMouseMove,12,2,1
carballo,org.vectomatic.svg.chess,ChessBoard,getLocalCoordinates,5,1,1
carballo,org.vectomatic.svg.chess,ChessBoard,getX,3,1,1
carballo,org.vectomatic.svg.chess,ChessBoard,getY,3,1,1
carballo,org.vectomatic.svg.chess,ChessBoard,getAlgebraic,12,2,1
carballo,org.vectomatic.svg.chess,ChessBoard,pieceOfMovingColor,4,1,1
carballo,org.vectomatic.svg.chess,ChessBoard,up,9,2,0
carballo,org.vectomatic.svg.chess,ChessBoard,down,9,2,0
carballo,org.vectomatic.svg.chess,ChessBoard,left,9,2,0
carballo,org.vectomatic.svg.chess,ChessBoard,right,9,2,0
carballo,org.vectomatic.svg.chess,ChessBoard,enter,20,4,0
carballo,org.vectomatic.svg.chess,ChessBoard,doMove,10,2,2
carballo,org.vectomatic.svg.chess,ChessBoard,setPossibleDestinySquares,9,3,1
carballo,org.vectomatic.svg.chess,ChessBoard,setMoveListener,3,1,1
carballo,org.vectomatic.svg.chess,ChessConstants,whitesVsBlacks,0,1,0
carballo,org.vectomatic.svg.chess,ChessConstants,whitesVsComputer,0,1,0
carballo,org.vectomatic.svg.chess,ChessConstants,blacksVsComputer,0,1,0
carballo,org.vectomatic.svg.chess,ChessConstants,computerVsComputer,0,1,0
carballo,org.vectomatic.svg.chess,ChessConstants,white,0,1,0
carballo,org.vectomatic.svg.chess,ChessConstants,black,0,1,0
carballo,org.vectomatic.svg.chess,ChessConstants,infoTab,0,1,0
carballo,org.vectomatic.svg.chess,ChessConstants,settingsTab,0,1,0
carballo,org.vectomatic.svg.chess,ChessConstants,aboutTab,0,1,0
carballo,org.vectomatic.svg.chess,ChessConstants,actions,0,1,0
carballo,org.vectomatic.svg.chess,ChessConstants,status,0,1,0
carballo,org.vectomatic.svg.chess,ChessConstants,mode,0,1,0
carballo,org.vectomatic.svg.chess,ChessConstants,reflectionTime,0,1,0
carballo,org.vectomatic.svg.chess,ChessConstants,player,0,1,0
carballo,org.vectomatic.svg.chess,ChessConstants,history,0,1,0
carballo,org.vectomatic.svg.chess,ChessConstants,fen,0,1,0
carballo,org.vectomatic.svg.chess,ChessConstants,advanced,0,1,0
carballo,org.vectomatic.svg.chess,ChessConstants,undo,0,1,0
carballo,org.vectomatic.svg.chess,ChessConstants,redo,0,1,0
carballo,org.vectomatic.svg.chess,ChessConstants,restart,0,1,0
carballo,org.vectomatic.svg.chess,ChessConstants,setFen,0,1,0
carballo,org.vectomatic.svg.chess,ChessConstants,thinking,0,1,0
carballo,org.vectomatic.svg.chess,ChessConstants,userMove,0,1,0
carballo,org.vectomatic.svg.chess,ChessConstants,whitesWin,0,1,0
carballo,org.vectomatic.svg.chess,ChessConstants,blacksWin,0,1,0
carballo,org.vectomatic.svg.chess,ChessConstants,draw,0,1,0
carballo,org.vectomatic.svg.chess,ChessConstants,confirmRestart,0,1,0
carballo,org.vectomatic.svg.chess,ChessConstants,confirmYes,0,1,0
carballo,org.vectomatic.svg.chess,ChessConstants,confirmNo,0,1,0
carballo,org.vectomatic.svg.chess,ChessConstants,waitMessage,0,1,0
carballo,org.vectomatic.svg.chess,ChessConstants,mt1s,0,1,0
carballo,org.vectomatic.svg.chess,ChessConstants,mt3s,0,1,0
carballo,org.vectomatic.svg.chess,ChessConstants,mt5s,0,1,0
carballo,org.vectomatic.svg.chess,ChessConstants,mt7s,0,1,0
carballo,org.vectomatic.svg.chess,ChessConstants,mt10s,0,1,0
carballo,org.vectomatic.svg.chess,ChessConstants,mt15s,0,1,0
carballo,org.vectomatic.svg.chess,ChessConstants,mt30s,0,1,0
carballo,org.vectomatic.svg.chess,ChessConstants,standard,0,1,0
carballo,org.vectomatic.svg.chess,ChessConstants,chess960,0,1,0
carballo,org.vectomatic.svg.chess,ChessConstants,about,0,1,0
carballo,org.vectomatic.svg.chess,ChessCss,whiteSquare,0,1,0
carballo,org.vectomatic.svg.chess,ChessCss,blackSquare,0,1,0
carballo,org.vectomatic.svg.chess,ChessCss,blueSquare,0,1,0
carballo,org.vectomatic.svg.chess,ChessCss,greenSquare,0,1,0
carballo,org.vectomatic.svg.chess,ChessCss,yellowSquare,0,1,0
carballo,org.vectomatic.svg.chess,ChessCss,redSquare,0,1,0
carballo,org.vectomatic.svg.chess,ChessCss,text,0,1,0
carballo,org.vectomatic.svg.chess,ChessCss,categoryLabel,0,1,0
carballo,org.vectomatic.svg.chess,Main,getHeight,3,1,0
carballo,org.vectomatic.svg.chess,Main,onModuleLoad,48,1,0
carballo,org.vectomatic.svg.chess,Main,run,18,1,0
carballo,org.vectomatic.svg.chess,Main,updateUI,26,6,0
carballo,org.vectomatic.svg.chess,Main,getMode,3,1,0
carballo,org.vectomatic.svg.chess,Main,nextMove,40,10,0
carballo,org.vectomatic.svg.chess,Main,computerMove,9,1,0
carballo,org.vectomatic.svg.chess,Main,run,3,1,0
carballo,org.vectomatic.svg.chess,Main,bestMove,4,1,2
carballo,org.vectomatic.svg.chess,Main,info,3,1,1
carballo,org.vectomatic.svg.chess,Main,restart,12,2,0
carballo,org.vectomatic.svg.chess,Main,updateFen,7,1,1
carballo,org.vectomatic.svg.chess,Main,modeChange,4,1,1
carballo,org.vectomatic.svg.chess,Main,restart,3,1,1
carballo,org.vectomatic.svg.chess,Main,undo,3,1,1
carballo,org.vectomatic.svg.chess,Main,undo,14,4,0
carballo,org.vectomatic.svg.chess,Main,redo,3,1,1
carballo,org.vectomatic.svg.chess,Main,redo,12,4,0
carballo,org.vectomatic.svg.chess,Main,onKeyDown,38,12,1
carballo,org.vectomatic.svg.chess,Main,handleLeftKey,3,1,0
carballo,org.vectomatic.svg.chess,Main,handleRightKey,3,1,0
carballo,org.vectomatic.svg.chess,Main,handleUpKey,3,1,0
carballo,org.vectomatic.svg.chess,Main,handleDownKey,3,1,0
carballo,org.vectomatic.svg.chess,Main,handleEnterKey,3,1,0
carballo,org.vectomatic.svg.chess,Main,handleModeKey,3,1,0
carballo,org.vectomatic.svg.chess,Main,handleBlueKey,3,1,0
carballo,org.vectomatic.svg.chess,Main,handleStopKey,3,1,0
carballo,org.vectomatic.svg.chess,Main,handleBackwardKey,3,1,0
carballo,org.vectomatic.svg.chess,Main,handleForwardKey,3,1,0
carballo,org.vectomatic.svg.chess,Main,handleEscapeKey,2,1,0
carballo,org.vectomatic.svg.chess,Main,updateListBoxSelection,7,2,1
carballo,org.vectomatic.svg.chess,Main,doMove,7,1,1
carballo,org.vectomatic.svg.chess,Main,log,0,1,1
carballo,org.vectomatic.svg.chess,MoveListener,doMove,0,1,1
carballo,org.vectomatic.svg.chess,Resources,getBoard,0,1,0
carballo,org.vectomatic.svg.chess,Resources,getCss,0,1,0
carballo,com.alonsoruibal.chess.uci,Uci,Uci,6,1,0
carballo,com.alonsoruibal.chess.uci,Uci,loop,195,50,0
carballo,com.alonsoruibal.chess.uci,Uci,bestMove,11,2,2
carballo,com.alonsoruibal.chess.uci,Uci,info,5,1,1
carballo,com.alonsoruibal.chess.uci,Uci,main,4,1,1
carballo,com.alonsoruibal.chess.uci,UciEngine,UciEngine,4,1,1
carballo,com.alonsoruibal.chess.uci,UciEngine,open,21,2,1
carballo,com.alonsoruibal.chess.uci,UciEngine,close,3,1,0
carballo,com.alonsoruibal.chess.uci,UciEngine,run,20,5,0
carballo,com.alonsoruibal.chess.uci,UciEngine,sendCommand,5,1,1
carballo,com.alonsoruibal.chess.uci,UciEngine,sendStop,3,1,0
carballo,com.alonsoruibal.chess.uci,UciEngine,sendUciNewGame,3,1,0
carballo,com.alonsoruibal.chess.uci,UciEngine,sendIsReady,4,1,0
carballo,com.alonsoruibal.chess.uci,UciEngine,goMovetime,6,1,2
carballo,com.alonsoruibal.chess.uci,UciEngine,goNodes,6,1,2
carballo,com.alonsoruibal.chess.uci,UciEngine,goDepth,6,1,3
carballo,com.alonsoruibal.chess.uci,UciEngine,go,6,1,3
carballo,com.alonsoruibal.chess.uci,UciEngine,waitUciOk,9,2,0
carballo,com.alonsoruibal.chess.uci,UciEngine,waitReadyOk,9,2,0
carballo,com.alonsoruibal.chess.uci,UciEngine,waitBestMove,10,2,0
carballo,(default package),EpdTest,processEpdFile,43,5,3
carballo,(default package),EpdTest,parseMoves,11,3,2
carballo,(default package),EpdTest,testPosition,41,7,5
carballo,(default package),EpdTest,epdTest,11,1,4
carballo,(default package),EpdTest,main,18,4,1
carballo,com.alonsoruibal.chess.epdtest,ArasanTest,testArasan,3,1,0
carballo,com.alonsoruibal.chess.epdtest,BS2830Test,testBS2830,6,1,0
carballo,com.alonsoruibal.chess.epdtest,BT2450Test,testBT2450,6,1,0
carballo,com.alonsoruibal.chess.epdtest,BT2630Test,testBT2630,6,1,0
carballo,com.alonsoruibal.chess.epdtest,ECMGCPTest,testECMGCP,3,1,0
carballo,com.alonsoruibal.chess.epdtest,EpdTest,getSolved,3,1,0
carballo,com.alonsoruibal.chess.epdtest,EpdTest,getLctPoints,3,1,0
carballo,com.alonsoruibal.chess.epdtest,EpdTest,processEpdFile,4,1,2
carballo,com.alonsoruibal.chess.epdtest,EpdTest,processEpdFile,77,13,3
carballo,com.alonsoruibal.chess.epdtest,EpdTest,parseMoves,11,3,1
carballo,com.alonsoruibal.chess.epdtest,EpdTest,testPosition,28,4,4
carballo,com.alonsoruibal.chess.epdtest,EpdTest,info,27,7,1
carballo,com.alonsoruibal.chess.epdtest,EpdTest,bestMove,2,1,2
carballo,com.alonsoruibal.chess.epdtest,LTCIITest,testLCTII,4,1,0
carballo,com.alonsoruibal.chess.epdtest,MyEpdTest,testMyEpd,5,1,0
carballo,com.alonsoruibal.chess.epdtest,SilentButDeadlyTest,testSilentButDeadly,3,1,0
carballo,com.alonsoruibal.chess.epdtest,WCSACTest,testWinningChessSacrificesAndCombinations,3,1,0
carballo,com.alonsoruibal.chess.epdtest,WinAtChessTest,testWinAtChess,4,1,0
carballo,com.alonsoruibal.chess.swing,ActionHandler,ActionHandler,20,1,17
carballo,com.alonsoruibal.chess.swing,ActionHandler,initializeActionMap,14,1,0
carballo,com.alonsoruibal.chess.swing,ActionHandler,actionPerformed,7,2,1
carballo,com.alonsoruibal.chess.swing,ActionHandler,handleRestart,8,1,1
carballo,com.alonsoruibal.chess.swing,ActionHandler,handleBack,8,1,1
carballo,com.alonsoruibal.chess.swing,ActionHandler,handlePgn,10,2,1
carballo,com.alonsoruibal.chess.swing,ActionHandler,handleFen,7,1,1
carballo,com.alonsoruibal.chess.swing,ActionHandler,handleGo,3,2,1
carballo,com.alonsoruibal.chess.swing,ActionHandler,handleOpponent,3,2,1
carballo,com.alonsoruibal.chess.swing,ActionHandler,handleTime,3,1,1
carballo,com.alonsoruibal.chess.swing,ActionHandler,handleElo,6,1,1
carballo,com.alonsoruibal.chess.swing,ActionHandler,handleFlip,5,1,1
carballo,com.alonsoruibal.chess.swing,ActionHandler,handlePieces,6,2,1
carballo,com.alonsoruibal.chess.swing,ActionHandler,handleBoards,6,2,1
carballo,com.alonsoruibal.chess.swing,ActionHandler,checkUserToMove,2,1,0
carballo,com.alonsoruibal.chess.swing,ActionHandler,update,2,1,1
carballo,com.alonsoruibal.chess.swing,BoardJPanel,setAcceptInput,3,1,1
carballo,com.alonsoruibal.chess.swing,BoardJPanel,BoardJPanel,18,2,1
carballo,com.alonsoruibal.chess.swing,BoardJPanel,mousePressed,14,3,1
carballo,com.alonsoruibal.chess.swing,BoardJPanel,mouseDragged,5,3,1
carballo,com.alonsoruibal.chess.swing,BoardJPanel,mouseReleased,18,5,1
carballo,com.alonsoruibal.chess.swing,BoardJPanel,mouseClicked,2,1,1
carballo,com.alonsoruibal.chess.swing,BoardJPanel,mouseMoved,2,1,1
carballo,com.alonsoruibal.chess.swing,BoardJPanel,mouseEntered,2,1,1
carballo,com.alonsoruibal.chess.swing,BoardJPanel,mouseExited,2,1,1
carballo,com.alonsoruibal.chess.swing,BoardJPanel,setFen,35,8,3
carballo,com.alonsoruibal.chess.swing,BoardJPanel,unhighlight,3,2,0
carballo,com.alonsoruibal.chess.swing,BoardJPanel,highlight,6,1,2
carballo,com.alonsoruibal.chess.swing,BoardJPanel,getLastFen,3,1,0
carballo,com.alonsoruibal.chess.swing,ChessApp,init,91,1,0
carballo,com.alonsoruibal.chess.swing,ChessApp,start,3,1,0
carballo,com.alonsoruibal.chess.swing,ChessApp,stop,5,1,0
carballo,com.alonsoruibal.chess.swing,ChessApp,destroy,8,2,0
carballo,com.alonsoruibal.chess.swing,ChessApp,userMove,14,3,2
carballo,com.alonsoruibal.chess.swing,ChessApp,checkUserToMove,20,8,0
carballo,com.alonsoruibal.chess.swing,ChessApp,bestMove,8,2,2
carballo,com.alonsoruibal.chess.swing,ChessApp,update,22,6,1
carballo,com.alonsoruibal.chess.swing,ChessApp,info,2,1,1
carballo,com.alonsoruibal.chess.swing,ChessApp,actionPerformed,3,1,1
carballo,com.alonsoruibal.chess.swing,ChessApp,main,16,1,1
carballo,com.alonsoruibal.chess.swing,ChessApp,windowClosing,3,1,1
carballo,com.alonsoruibal.chess.swing,ImageLoader,loadImages,5,1,1
carballo,com.alonsoruibal.chess.swing,PgnDialog,PgnDialog,15,1,1
carballo,com.alonsoruibal.chess.swing,PgnDialog,setText,3,1,1
carballo,com.alonsoruibal.chess.swing,PieceJLabel,getPiece,3,1,0
carballo,com.alonsoruibal.chess.swing,PieceJLabel,PieceJLabel,9,1,1
carballo,com.alonsoruibal.chess.swing,PieceJLabel,paint,5,1,1
carballo,com.alonsoruibal.chess.swing,SquareJPanel,SquareJPanel,17,2,1
carballo,com.alonsoruibal.chess.swing,SquareJPanel,paintComponent,7,2,1
carballo,com.alonsoruibal.chess.swing,SquareJPanel,drawSquare,4,1,1
carballo,com.alonsoruibal.chess.swing,SquareJPanel,drawHighlight,6,2,1
carballo,com.alonsoruibal.chess.swing,SquareJPanel,setHighlighted,4,1,1
carballo,com.alonsoruibal.chess.swing,SquareJPanel,getIndex,3,1,0
